id,pop,survey,season,sampler,site,site_code,old_site_code,capture_time,release_time,recapture,FTA_blood,field_sample_reference,blood_sample_batch,included_LandRes,250m_lon,250m_lat,100m_lon,100m_lat,lon_old,lat_old,service,plate_location,Relatedness
C_NOV61,Central,2022 Dry Season,Dry,Breanna Williams,10 Mile Bore,10MB,10MB,8/10/2022 10:50,8/10/2022 11:40,No,Yes,BTF245,Nov_2023,Yes,146.25598,-21.92148,146.25564,-21.919132,146.255729,-21.920341,DPoep23-8916,1-E8,Unrelated
C_NOV62,Central,2022 Dry Season,Dry,Breanna Williams,10 Mile Bore,10MB,10MB,8/10/2022 13:18,8/10/2022 13:37,No,Yes,BTF246,Nov_2023,Yes,146.25598,-21.91898,146.25664,-21.919132,146.255729,-21.920341,DPoep23-8916,1-F8,Unrelated
C_NOV70,Central,2022 Dry Season,Dry,Breanna Williams,10 Mile Bore,10MB,10MB,13/10/2022 8:40,13/10/2022 9:53,No,Yes,BTF272,Nov_2023,Yes,146.25848,-21.91898,146.25664,-21.920132,146.255712,-21.920266,DPoep23-8916,1-F9,Unrelated
C_NOV71,Central,2022 Dry Season,Dry,Chays Ogston,10 Mile Bore,10MB,10MB,15/10/2022 15:55,15/10/2022 16:13,No,Yes,BTF285,Nov_2023,Yes,146.25848,-21.92148,146.25664,-21.921132,146.255729,-21.920341,DPoep23-8916,1-G9,Unrelated
C_NOV72,Central,2022 Dry Season,Dry,Chays Ogston,10 Mile Bore,10MB,10MB,15/10/2022 15:55,15/10/2022 16:25,No,Yes,BTF286,Nov_2023,Yes,146.25848,-21.92398,146.25564,-21.921132,146.255729,-21.920341,DPoep23-8916,1-H9,Unrelated
C_BTF9,Central,2021 Dry Season,Dry,Dean Jones,11 Mile Scrape,11MS,11MS,7/09/2021 1:50,7/09/2021 3:25,No,Yes,BTF9,Jul_2022,No,NA,NA,146.271649,-21.915098,146.271978,-21.914986,DPeop22-7457,1-A2,Unrelated
C_BTF11,Central,2021 Dry Season,Dry,Dean Jones,10 Mile Bore,11MS,10MB,8/09/2021 1:40,8/09/2021 2:10,No,Yes,BTF11,Jul_2022,No,NA,NA,146.271649,-21.914098,146.271978,-21.914986,DPeop22-7457,1-C2,Unrelated
C_BTF41,Central,2021 Dry Season,Dry,Dean Jones,11 Mile Scrape,11MS,11MS,14/09/2021 10:06,14/09/2021 11:20,No,Yes,BTF41,Jul_2022,No,NA,NA,146.272649,-21.914098,146.271978,-21.914986,DPeop22-7457,1-A6,Unrelated
C_BTF49,Central,2021 Dry Season,Dry,Dean Jones,11 Mile Scrape,11MS,11MS,14/09/2021 3:22,14/09/2021 3:35,Yes,Yes,BTF49,Jul_2022,No,NA,NA,146.272649,-21.915098,146.271978,-21.914986,DPeop22-7457,1-A7,Unrelated
C_BTF10,Central,2021 Dry Season,Dry,Dean Jones,11 Mile Scrape,11MS,11MS,7/09/2021 1:50,7/09/2021 3:13,No,Yes,BTF10,Jul_2022,No,NA,NA,146.272649,-21.916098,146.271978,-21.914986,DPeop22-7457,1-B2,Unrelated
C_BTF44,Central,2021 Dry Season,Dry,Dean Jones,11 Mile Scrape,11MS,11MS,14/09/2021 12:15,14/09/2021 12:52,No,Yes,BTF44,Jul_2022,No,NA,NA,146.271649,-21.916098,146.271978,-21.914986,DPeop22-7457,1-D6,Unrelated
C_BTF5,Central,2021 Dry Season,Dry,Dean Jones,11 Mile Scrape,11MS,11MS,7/09/2021 11:50,7/09/2021 12:44,No,Yes,BTF5,Jul_2022,No,NA,NA,146.270649,-21.916098,146.271978,-21.914986,DPeop22-7457,1-E1,Unrelated
C_BTF38,Central,2021 Dry Season,Dry,Dean Jones,11 Mile Scrape,11MS,11MS,14/09/2021 10:06,14/09/2021 10:22,Yes,Yes,BTF38,Jul_2022,No,NA,NA,146.270649,-21.915098,146.271978,-21.914986,DPeop22-7457,1-F5,Unrelated
C_BTF7,Central,2021 Dry Season,Dry,Dean Jones,11 Mile Scrape,11MS,11MS,7/09/2021 1:50,7/09/2021 2:19,No,Yes,BTF7,Jul_2022,Yes,146.27349,-21.91399,146.270649,-21.914098,146.271978,-21.914986,DPeop22-7457,1-G1,Unrelated
C_BTF39,Central,2021 Dry Season,Dry,Dean Jones,11 Mile Scrape,11MS,11MS,14/09/2021 10:06,14/09/2021 10:31,No,Yes,BTF39,Jul_2022,Yes,146.27349,-21.91149,146.270649,-21.913098,146.271978,-21.914986,DPeop22-7457,1-G5,Unrelated
C_BTF47,Central,2021 Dry Season,Dry,Dean Jones,11 Mile Scrape,11MS,11MS,14/09/2021 1:57,14/09/2021 2:20,No,Yes,BTF47,Jul_2022,Yes,146.27599,-21.91149,146.271649,-21.913098,146.271978,-21.914986,DPeop22-7457,1-G6,Unrelated
C_BTF8,Central,2021 Dry Season,Dry,Dean Jones,11 Mile Scrape,11MS,11MS,7/09/2021 1:50,7/09/2021 2:47,No,Yes,BTF8,Jul_2022,Yes,146.27599,-21.91399,146.272649,-21.913098,146.271978,-21.914986,DPeop22-7457,1-H1,Unrelated
C_BTF40,Central,2021 Dry Season,Dry,Dean Jones,11 Mile Scrape,11MS,11MS,14/09/2021 10:06,14/09/2021 11:03,No,Yes,BTF40,Jul_2022,Yes,146.27599,-21.91649,146.273649,-21.913098,146.271978,-21.914986,DPeop22-7457,1-H5,Unrelated
C_NOV58,Central,2022 Dry Season,Dry,Breanna Williams,11 Mile Scrape,11MS,11MS,7/10/2022 9:10,7/10/2022 10:15,No,Yes,BTF231,Nov_2023,Yes,146.27349,-21.91649,146.273649,-21.914098,146.272037,-21.914979,DPoep23-8916,1-B8,Unrelated
C_NOV59,Central,2022 Dry Season,Dry,Breanna Williams,11 Mile Scrape,11MS,11MS,7/10/2022 10:32,7/10/2022 11:51,No,Yes,BTF236,Nov_2023,Yes,146.27099,-21.91649,146.273649,-21.915098,146.272037,-21.914979,DPoep23-8916,1-C8,Unrelated
C_NOV92,Central,2022 Early Wet Season,Early Wet,Breanna Williams,11 Mile Scrape,11MS,11MS,9/02/2022 11:38,9/02/2022 12:19,No,Yes,BTF68,Nov_2023,Yes,146.27099,-21.91399,146.273649,-21.916098,146.272062,-21.914974,DPoep23-8916,1-D12,Unrelated
C_NOV60,Central,2022 Dry Season,Dry,Breanna Williams,11 Mile Scrape,11MS,11MS,7/10/2022 15:57,7/10/2022 16:38,No,Yes,BTF243,Nov_2023,Yes,146.27099,-21.91149,146.273649,-21.917098,146.272037,-21.914979,DPoep23-8916,1-D8,Unrelated
C_NOV85,Central,2022 Wet Season,Wet,Emily Drummond,11 Mile Scrape,11MS,11MS,3/06/2022 22:50,4/06/2022 0:16,No,Yes,BTF156,Nov_2023,Yes,146.27099,-21.90899,146.272649,-21.917098,146.27205,-21.914982,DPoep23-8916,1-E11,Unrelated
C_NOV93,Central,2022 Early Wet Season,Early Wet,Breanna Williams,11 Mile Scrape,11MS,11MS,9/02/2022 2:40,9/02/2022 3:35,No,Yes,BTF70,Nov_2023,Yes,146.27349,-21.90899,146.271649,-21.917098,146.272021,-21.914966,DPoep23-8916,1-E12,Unrelated
C_NOV86,Central,2022 Wet Season,Wet,Emily Drummond,11 Mile Scrape,11MS,11MS,4/06/2022 2:00,3/06/2022 2:46,Yes,Yes,BTF158,Nov_2023,Yes,146.27599,-21.90899,146.270649,-21.917098,146.27205,-21.914982,DPoep23-8916,1-F11,Unrelated
C_NOV94,Central,2022 Early Wet Season,Early Wet,Breanna Williams,11 Mile Scrape,11MS,11MS,9/02/2022 2:40,9/02/2022 3:35,No,Yes,BTF71,Nov_2023,Yes,146.27849,-21.90899,146.269649,-21.917098,146.272024,-21.914976,DPoep23-8916,1-F12,Unrelated
C_NOV87,Central,2022 Wet Season,Wet,Emily Drummond,11 Mile Scrape,11MS,11MS,4/06/2022 3:50,4/06/2022 4:45,No,Yes,BTF163,Nov_2023,Yes,146.27849,-21.91149,146.269649,-21.916098,146.27205,-21.914982,DPoep23-8916,1-G11,Unrelated
C_NOV80,Central,2022 Wet Season,Wet,Emily Drummond,11 Mile Scrape,11MS,11MS,3/06/2022 22:50,3/06/2022 23:40,Yes,Yes,BTF154,Nov_2023,Yes,146.27849,-21.91399,146.269649,-21.915098,146.27205,-21.914982,DPoep23-8916,1-H10,Unrelated
C_BTF26,Central,2021 Dry Season,Dry,Dean Jones,Three-ways Fence Scrape,3WFS,3WFS,13/09/2021 10:50,13/09/2021 11:51,No,Yes,BTF26,Jul_2022,Yes,146.33351,-21.94898,146.333634,-21.949131,146.333546,-21.948902,DPeop22-7457,1-B4,Unrelated
C_BTF27,Central,2021 Dry Season,Dry,Dean Jones,Three-ways Fence Scrape,3WFS,3WFS,13/09/2021 11:02,13/09/2021 11:28,No,Yes,BTF27,Jul_2022,Yes,146.33351,-21.94648,146.333634,-21.948131,146.333546,-21.948902,DPeop22-7457,1-C4,Unrelated
C_BTF35,Central,2021 Dry Season,Dry,Dean Jones,Three-ways Fence Scrape,3WFS,3WFS,13/09/2021 1:47,13/09/2021 2:05,No,Yes,BTF35,Jul_2022,Yes,146.33601,-21.94648,146.334634,-21.948131,146.333546,-21.948902,DPeop22-7457,1-C5,Unrelated
C_BTF28,Central,2021 Dry Season,Dry,Dean Jones,Three-ways Fence Scrape,3WFS,3WFS,13/09/2021 11:19,13/09/2021 12:01,No,Yes,BTF28,Jul_2022,Yes,146.33601,-21.94898,146.334634,-21.949131,146.333546,-21.948902,DPeop22-7457,1-D4,Unrelated
C_BTF36,Central,2021 Dry Season,Dry,Dean Jones,Three-ways Fence Scrape,3WFS,3WFS,13/09/2021 2:27,13/09/2021 2:44,No,Yes,BTF36,Jul_2022,Yes,146.33601,-21.95148,146.334634,-21.950131,146.333546,-21.948902,DPeop22-7457,1-D5,Unrelated
C_BTF37,Central,2021 Dry Season,Dry,Dean Jones,Three-ways Fence Scrape,3WFS,3WFS,13/09/2021 3:30,13/09/2021 3:50,No,Yes,BTF37,Jul_2022,Yes,146.33351,-21.95148,146.333634,-21.950131,146.333546,-21.948902,DPeop22-7457,1-E5,Unrelated
C_BTF30,Central,2021 Dry Season,Dry,Dean Jones,Three-ways Fence Scrape,3WFS,3WFS,13/09/2021 11:33,13/09/2021 12:20,No,Yes,BTF30,Jul_2022,Yes,146.33101,-21.95148,146.332634,-21.950131,146.333546,-21.948902,DPeop22-7457,1-F4,Unrelated
C_BTF31,Central,2021 Dry Season,Dry,Dean Jones,Three-ways Fence Scrape,3WFS,3WFS,13/09/2021 11:33,13/09/2021 12:30,No,Yes,BTF31,Jul_2022,Yes,146.33101,-21.94898,146.332634,-21.949131,146.333546,-21.948902,DPeop22-7457,1-G4,Unrelated
C_BTF32,Central,2021 Dry Season,Dry,Dean Jones,Three-ways Fence Scrape,3WFS,3WFS,13/09/2021 11:33,13/09/2021 12:41,No,Yes,BTF32,Jul_2022,Yes,146.33101,-21.94648,146.332634,-21.948131,146.333546,-21.948902,DPeop22-7457,1-H4,Unrelated
C_NOV73,Central,2022 Early Wet Season,Early Wet,Breanna Williams,Three-ways Fence Scrape,3WFS_2,3WFS,17/02/2022 4:28,17/02/2022 17:40,No,Yes,BTF129,Nov_2023,Yes,146.34594,-21.95137,146.344644,-21.951149,146.34478,-21.950928,DPoep23-8916,1-A10,Unrelated
C_NOV81,Central,2022 Wet Season,Wet,Emily Drummond,Three-ways Fence Scrape,3WFS_2,3WFS,6/06/2022 3:50,6/06/2022 4:56,Yes,Yes,BTF169,Nov_2023,Yes,146.34594,-21.94887,146.345644,-21.950149,146.345044,-21.950855,DPoep23-8916,1-A11,Unrelated
C_NOV68,Central,2022 Dry Season,Dry,Breanna Williams,Three-ways Fence Scrape,3WFS_2,3WFS,11/10/2022 11:45,11/10/2022 12:08,No,Yes,BTF258,Nov_2023,Yes,146.34844,-21.94887,146.345644,-21.951149,146.345083,-21.95085,DPoep23-8916,1-D9,Unrelated
C_NOV69,Central,2022 Dry Season,Dry,Breanna Williams,Three-ways Fence Scrape,3WFS_2,3WFS,11/10/2022 14:05,11/10/2022 14:25,No,Yes,BTF261,Nov_2023,Yes,146.34844,-21.95137,146.345644,-21.952149,146.345083,-21.95085,DPoep23-8916,1-E9,Unrelated
C_BTF57,Central,2021 Dry Season,Dry,Dean Jones,Four Mile Bore,4MB,4MB,15/09/2021 11:07,15/09/2021 11:52,No,Yes,BTF57,Jul_2022,Yes,146.29596,-22.01637,146.295629,-22.016126,146.29508,-22.01683,DPeop22-7457,1-A8,Unrelated
C_BTF58,Central,2021 Dry Season,Dry,Dean Jones,Four Mile Bore,4MB,4MB,15/09/2021 12:13,15/09/2021 12:34,Yes,Yes,BTF58,Jul_2022,Yes,146.29596,-22.01387,146.295629,-22.015126,146.29508,-22.01683,DPeop22-7457,1-B8,Unrelated
C_BTF52,Central,2021 Dry Season,Dry,Dean Jones,Four Mile Bore,4MB,4MB,15/09/2021 9:18,15/09/2021 10:02,No,Yes,BTF52,Jul_2022,Yes,146.29846,-22.01387,146.296629,-22.015126,146.29508,-22.01683,DPeop22-7457,1-D7,Unrelated
C_BTF60,Central,2021 Dry Season,Dry,Dean Jones,Four Mile Bore,4MB,4MB,15/09/2021 12:13,15/09/2021 1:03,No,Yes,BTF60,Jul_2022,Yes,146.29846,-22.01637,146.296629,-22.016126,146.29508,-22.01683,DPeop22-7457,1-D8,Unrelated
C_BTF61,Central,2021 Dry Season,Dry,Dean Jones,Four Mile Bore,4MB,4MB,15/09/2021 1:54,15/09/2021 2:06,Yes,Yes,BTF61,Jul_2022,Yes,146.29846,-22.01887,146.296629,-22.017126,146.29508,-22.01683,DPeop22-7457,1-E8,Unrelated
C_BTF14,Central,2021 Dry Season,Dry,Dean Jones,Four Mile Bore,4MB,4MB,10/09/2021 12:45,10/09/2021 1:02,No,Yes,BTF14,Jul_2022,Yes,146.29596,-22.01887,146.295629,-22.017126,146.29508,-22.01683,DPeop22-7457,1-F2,Unrelated
C_BTF15,Central,2021 Dry Season,Dry,Dean Jones,Four Mile Bore,4MB,4MB,10/09/2021 12:50,10/09/2021 1:22,No,No,BTF15,Jul_2022,Yes,146.29346,-22.01887,146.294629,-22.017126,146.29508,-22.01683,DPeop22-7457,1-G2,Unrelated
C_BTF16,Central,2021 Dry Season,Dry,Dean Jones,Four Mile Bore,4MB,4MB,10/09/2021 2:00,10/09/2021 2:15,No,Yes,BTF16,Jul_2022,Yes,146.29346,-22.01637,146.294629,-22.016126,146.29508,-22.01683,DPeop22-7457,1-H2,Unrelated
C_BTF56,Central,2021 Dry Season,Dry,Dean Jones,Four Mile Bore,4MB,4MB,15/09/2021 10:51,15/09/2021 11:46,No,Yes,BTF56,Jul_2022,Yes,146.29346,-22.01387,146.294629,-22.015126,146.29508,-22.01683,DPeop22-7457,1-H7,Unrelated
C_NOV53,Central,2022 Dry Season,Dry,Chays Ogston,4 Mile Bore,4MB,4MB,15/10/2022 7:25,15/10/2022 8:35,No,Yes,BTF288,Nov_2023,Yes,146.29346,-22.01137,146.294629,-22.014126,146.295371,-22.01643,DPoep23-8916,1-E7,Unrelated
C_NOV54,Central,2022 Dry Season,Dry,Chays Ogston,4 Mile Bore,4MB,4MB,15/10/2022 7:25,15/10/2022 7:48,No,Yes,BTF289,Nov_2023,Yes,146.29596,-22.01137,146.295629,-22.014126,146.295371,-22.01643,DPoep23-8916,1-F7,Unrelated
C_NOV89,Central,2022 Wet Season,Wet,Dean Jones,Boundary Rd 6km N 4mile bore,BR,BR,7/06/2022 0:15,7/06/2022 0:55,No,Yes,BTF176,Nov_2023,Yes,146.27093,-21.96139,146.27165,-21.96214,146.271546,-21.962496,DPoep23-8916,1-A12,Unrelated
S_BTF17,South,2021 Dry Season,Dry,Dean Jones,Carmichael bore,CMB,CMB,11/09/2021 3:20,11/09/2021 3:42,Yes,Yes,BTF17,Jul_2022,Yes,146.38343,-22.13643,146.383644,-22.137126,146.38315,-22.13729,DPeop22-7457,1-A3,Unrelated
S_BTF18,South,2021 Dry Season,Dry,Dean Jones,Carmichael bore,CMB,CMB,11/09/2021 1:45,11/09/2021 2:03,No,Yes,BTF18,Jul_2022,Yes,146.38343,-22.13393,146.383644,-22.136126,146.38315,-22.13729,DPeop22-7457,1-B3,Unrelated
S_BTF20,South,2021 Dry Season,Dry,Dean Jones,Carmichael bore,CMB,CMB,11/09/2021 2:50,11/09/2021 3:06,No,Yes,BTF20,Jul_2022,Yes,146.38593,-22.13393,146.384644,-22.136126,146.38315,-22.13729,DPeop22-7457,1-D3,Unrelated
S_BTF22,South,2021 Dry Season,Dry,Dean Jones,Carmichael bore,CMB,CMB,11/09/2021 4:05,11/09/2021 4:28,No,Yes,BTF22,Jul_2022,Yes,146.38593,-22.13643,146.384644,-22.137126,146.38315,-22.13729,DPeop22-7457,1-F3,Unrelated
S_BTF23,South,2021 Dry Season,Dry,Dean Jones,Carmichael bore,CMB,CMB,11/09/2021 4:08,11/09/2021 4:45,No,Yes,BTF23,Jul_2022,Yes,146.38593,-22.13893,146.384644,-22.138126,146.38315,-22.13729,DPeop22-7457,1-G3,Unrelated
S_NOV02,South,2023 Wet Season,Wet,Chays Ogston,Carmichael Bore,CMB,CMB,11/05/2023 9:40,11/05/2023 10:30,No,Yes,Nov-02,Nov_2023,Yes,146.38343,-22.13893,146.383644,-22.138126,146.383108,-22.137289,DPoep23-8916,1-B1,Unrelated
S_NOV05,South,2023 Wet Season,Wet,Chays Ogston,Carmichael Bore,CMB,CMB,11/05/2023 13:50,11/05/2023 14:10,No,Yes,Nov-05,Nov_2023,Yes,146.38093,-22.13893,146.382644,-22.138126,146.383108,-22.137289,DPoep23-8916,1-E1,Unrelated
N_NOV09,North,2023 Wet Season,Wet,Breanna Williams,Hyde park- tank on the hill,HPHT,HPHT,6/05/2023 10:20,6/05/2023 10:36,No,Yes,<Null>,Nov_2023,Yes,146.34345,-21.62886,146.344651,-21.628113,146.344943,-21.62763,DPoep23-8916,1-A2,Unrelated
N_NOV17,North,2023 Wet Season,Wet,Breanna Williams,Hyde park- tank on the hill,HPHT,HPHT,6/05/2023 11:58,6/05/2023 12:30,No,Yes,<Null>,Nov_2023,Yes,146.34345,-21.62636,146.344651,-21.627113,146.344943,-21.62763,DPoep23-8916,1-A3,Unrelated
N_NOV25,North,2023 Wet Season,Wet,Breanna Williams,Hyde park- tank on the hill,HPHT,HPHT,4/05/2023 14:45,4/05/2023 15:05,No,Yes,<Null>,Nov_2023,Yes,146.34595,-21.62636,146.345651,-21.627113,146.344943,-21.62763,DPoep23-8916,1-A4,Unrelated
N_NOV26,North,2023 Wet Season,Wet,Breanna Williams,Hyde park- tank on the hill,HPHT,HPHT,4/05/2023 14:45,4/05/2023 15:07,No,Yes,<Null>,Nov_2023,Yes,146.34595,-21.62886,146.345651,-21.628113,146.344943,-21.62763,DPoep23-8916,1-B4,Unrelated
N_NOV11,North,2023 Wet Season,Wet,Breanna Williams,Hyde park- tank on the hill,HPHT,HPHT,6/05/2023 11:05,6/05/2023 11:16,No,Yes,<Null>,Nov_2023,Yes,146.34595,-21.63136,146.345651,-21.629113,146.344943,-21.62763,DPoep23-8916,1-C2,Unrelated
N_NOV27,North,2023 Wet Season,Wet,Breanna Williams,Hyde park- tank on the hill,HPHT,HPHT,4/05/2023 11:28,4/05/2023 11:38,No,Yes,<Null>,Nov_2023,Yes,146.34345,-21.63136,146.344651,-21.629113,146.344922,-21.627626,DPoep23-8916,1-C4,Unrelated
N_NOV12,North,2023 Wet Season,Wet,Breanna Williams,Hyde park- tank on the hill,HPHT,HPHT,6/05/2023 11:05,6/05/2023 11:19,No,Yes,<Null>,Nov_2023,Yes,146.34095,-21.63136,146.343651,-21.629113,146.344943,-21.62763,DPoep23-8916,1-D2,Unrelated
N_NOV28,North,2023 Wet Season,Wet,Breanna Williams,Hyde park- tank on the hill,HPHT,HPHT,4/05/2023 11:35,4/05/2023 11:48,No,Yes,<Null>,Nov_2023,Yes,146.34095,-21.62886,146.343651,-21.628113,146.344922,-21.627626,DPoep23-8916,1-D4,Unrelated
N_NOV13,North,2023 Wet Season,Wet,Breanna Williams,Hyde park- tank on the hill,HPHT,HPHT,6/05/2023 11:32,6/05/2023 11:43,No,Yes,<Null>,Nov_2023,Yes,146.34095,-21.62636,146.343651,-21.627113,146.344943,-21.62763,DPoep23-8916,1-E2,Unrelated
N_NOV29,North,2023 Wet Season,Wet,Breanna Williams,Hyde park- tank on the hill,HPHT,HPHT,4/05/2023 11:48,4/05/2023 12:08,No,Yes,<Null>,Nov_2023,Yes,146.34095,-21.62386,146.343651,-21.626113,146.344922,-21.627626,DPoep23-8916,1-E4,Unrelated
N_NOV30,North,2023 Wet Season,Wet,Breanna Williams,Hyde park- tank on the hill,HPHT,HPHT,4/05/2023 11:50,4/05/2023 12:09,No,Yes,<Null>,Nov_2023,Yes,146.34345,-21.62386,146.344651,-21.626113,146.344922,-21.627626,DPoep23-8916,1-F4,Unrelated
N_NOV15,North,2023 Wet Season,Wet,Breanna Williams,Hyde park- tank on the hill,HPHT,HPHT,6/05/2023 11:58,6/05/2023 12:18,No,Yes,<Null>,Nov_2023,Yes,146.34595,-21.62386,146.345651,-21.626113,146.344943,-21.62763,DPoep23-8916,1-G2,Unrelated
N_NOV31,North,2023 Wet Season,Wet,Breanna Williams,Hyde park- tank on the hill,HPHT,HPHT,4/05/2023 11:50,4/05/2023 12:22,No,Yes,<Null>,Nov_2023,Yes,146.34845,-21.62386,146.346651,-21.626113,146.344922,-21.627626,DPoep23-8916,1-G4,Unrelated
N_NOV08,North,2023 Wet Season,Wet,Breanna Williams,Hyde park- tank on the hill,HPHT,HPHT,6/05/2023 10:20,6/05/2023 10:34,No,Yes,<Null>,Nov_2023,Yes,146.34845,-21.62636,146.346651,-21.627113,146.344943,-21.62763,DPoep23-8916,1-H1,Unrelated
N_NOV32,North,2023 Wet Season,Wet,Breanna Williams,Hyde park- tank on the hill,HPHT,HPHT,4/05/2023 11:50,4/05/2023 12:27,No,Yes,<Null>,Nov_2023,Yes,146.34845,-21.62886,146.346651,-21.628113,146.344922,-21.627626,DPoep23-8916,1-H4,Unrelated
N_NOV19,North,2023 Wet Season,Wet,Breanna Williams,Hyde park- tommahawk tank,HPTT,HPTT,6/05/2023 14:35,6/05/2023 14:45,No,Yes,<Null>,Nov_2023,Yes,146.33099,-21.73389,146.330637,-21.735117,146.330789,-21.735214,DPoep23-8916,1-C3,Unrelated
N_NOV20,North,2023 Wet Season,Wet,Breanna Williams,Hyde park- tommahawk tank,HPTT,HPTT,6/05/2023 14:50,6/05/2023 14:58,No,Yes,<Null>,Nov_2023,Yes,146.33099,-21.73139,146.330637,-21.734117,146.330789,-21.735214,DPoep23-8916,1-D3,Unrelated
N_NOV21,North,2023 Wet Season,Wet,Breanna Williams,Hyde park- tommahawk tank,HPTT,HPTT,6/05/2023 14:50,6/05/2023 15:12,No,Yes,<Null>,Nov_2023,Yes,146.33349,-21.73139,146.331637,-21.734117,146.330789,-21.735214,DPoep23-8916,1-E3,Unrelated
N_NOV22,North,2023 Wet Season,Wet,Breanna Williams,Hyde park- tommahawk tank,HPTT,HPTT,6/05/2023 14:50,6/05/2023 15:18,No,Yes,<Null>,Nov_2023,Yes,146.33349,-21.73389,146.331637,-21.735117,146.330789,-21.735214,DPoep23-8916,1-F3,Unrelated
N_NOV23,North,2023 Wet Season,Wet,Breanna Williams,Hyde park- tommahawk tank,HPTT,HPTT,6/05/2023 14:50,6/05/2023 15:23,No,Yes,<Null>,Nov_2023,Yes,146.33349,-21.73639,146.331637,-21.736117,146.330789,-21.735214,DPoep23-8916,1-G3,Unrelated
S_NOV33,South,2022 Dry Season,Dry,Breanna Williams,Lignum fence trough,LFT,LFT,12/10/2022 14:24,12/10/2022 14:30,No,Yes,BTF263,Nov_2023,Yes,146.41096,-22.24895,146.41165,-22.25013,146.411307,-22.250395,DPoep23-8916,1-A5,Unrelated
S_NOV41,South,2022 Dry Season,Dry,Chays Ogston,Lignum fence trough,LFT,LFT,14/10/2022 13:00,14/10/2022 13:07,No,Yes,BTF274,Nov_2023,Yes,146.41096,-22.24645,146.41165,-22.24913,146.411412,-22.250437,DPoep23-8916,1-A6,Unrelated
S_NOV49,South,2022 Dry Season,Dry,Chays Ogston,Lignum fence trough,LFT,LFT,14/10/2022 15:15,14/10/2022 15:25,No,Yes,BTF282,Nov_2023,Yes,146.41346,-22.24645,146.41265,-22.24913,146.411412,-22.250437,DPoep23-8916,1-A7,Unrelated
S_NOV34,South,2022 Dry Season,Dry,Breanna Williams,Lignum fence trough,LFT,LFT,12/10/2022 14:11,12/10/2022 14:20,No,Yes,BTF262,Nov_2023,Yes,146.41346,-22.24895,146.41265,-22.25013,146.411307,-22.250395,DPoep23-8916,1-B5,Unrelated
S_NOV42,South,2022 Dry Season,Dry,Chays Ogston,Lignum fence trough,LFT,LFT,14/10/2022 13:00,14/10/2022 13:15,No,Yes,BTF275,Nov_2023,Yes,146.41346,-22.25145,146.41265,-22.25113,146.411412,-22.250437,DPoep23-8916,1-B6,Unrelated
S_NOV50,South,2022 Dry Season,Dry,Chays Ogston,Lignum fence trough,LFT,LFT,14/10/2022 15:30,14/10/2022 15:40,No,Yes,BTF283,Nov_2023,Yes,146.41096,-22.25145,146.41165,-22.25113,146.411412,-22.250437,DPoep23-8916,1-B7,Unrelated
S_NOV35,South,2022 Dry Season,Dry,Breanna Williams,Lignum fence trough,LFT,LFT,12/10/2022 14:58,12/10/2022 15:09,No,Yes,BTF264,Nov_2023,Yes,146.40846,-22.25145,146.41065,-22.25113,146.411307,-22.250395,DPoep23-8916,1-C5,Unrelated
S_NOV43,South,2022 Dry Season,Dry,Chays Ogston,Lignum fence trough,LFT,LFT,14/10/2022 13:00,14/10/2022 13:25,No,Yes,BTF276,Nov_2023,Yes,146.40846,-22.24895,146.41065,-22.25013,146.411412,-22.250437,DPoep23-8916,1-C6,Unrelated
S_NOV51,South,2022 Dry Season,Dry,Chays Ogston,Lignum fence trough,LFT,LFT,14/10/2022 15:30,14/10/2022 15:48,No,Yes,BTF284,Nov_2023,Yes,146.40846,-22.24645,146.41065,-22.24913,146.411412,-22.250437,DPoep23-8916,1-C7,Unrelated
S_NOV36,South,2022 Dry Season,Dry,Breanna Williams,Lignum fence trough,LFT,LFT,12/10/2022 15:08,12/10/2022 15:20,No,Yes,BTF265,Nov_2023,Yes,146.40846,-22.24395,146.41065,-22.24813,146.411307,-22.250395,DPoep23-8916,1-D5,Unrelated
S_NOV45,South,2022 Dry Season,Dry,Chays Ogston,Lignum fence trough,LFT,LFT,14/10/2022 13:38,14/10/2022 13:55,No,Yes,BTF278,Nov_2023,Yes,146.41096,-22.24395,146.41165,-22.24813,146.411412,-22.250437,DPoep23-8916,1-E6,Unrelated
S_NOV39,South,2022 Dry Season,Dry,Breanna Williams,Lignum fence trough,LFT,LFT,12/10/2022 15:50,12/10/2022 15:56,No,Yes,BTF269,Nov_2023,Yes,146.41346,-22.24395,146.41265,-22.24813,146.411307,-22.250395,DPoep23-8916,1-G5,Unrelated
S_NOV47,South,2022 Dry Season,Dry,Chays Ogston,Lignum fence trough,LFT,LFT,14/10/2022 14:25,14/10/2022 14:35,No,Yes,BTF280,Nov_2023,Yes,146.41596,-22.24395,146.41365,-22.24813,146.411412,-22.250437,DPoep23-8916,1-G6,Unrelated
C_BTF12,Central,2021 Dry Season,Dry,Dean Jones,Number 2 Dam,N2D,N2D,9/09/2021 10:56,9/09/2021 11:35,No,Yes,BTF12,Jul_2022,Yes,146.30845,-21.94644,146.30864,-21.94715,146.30724,-21.94793,DPeop22-7457,1-D2,Unrelated
C_BTF62,Central,2021 Dry Season,Dry,Dean Jones,Number 2 Dam,N2D,N2D,16/09/2021 10:04,16/09/2021 10:28,No,Yes,BTF62,Jul_2022,Yes,146.30845,-21.94394,146.30864,-21.94615,146.31,-21.946,DPeop22-7457,1-F8,Unrelated
C_BTF63,Central,2021 Dry Season,Dry,Dean Jones,Number 2 Dam,N2D,N2D,16/09/2021 10:04,16/09/2021 10:39,No,Yes,BTF63,Jul_2022,Yes,146.31095,-21.94394,146.30964,-21.94615,146.31,-21.946,DPeop22-7457,1-G8,Unrelated
C_BTF24,Central,2021 Dry Season,Dry,Dean Jones,Number 2 Dam,3WFS_2,N2D,12/09/2021 12:10,12/09/2021 12:50,No,Yes,BTF24,Jul_2022,No,NA,NA,146.344644,-21.950149,146.3449,-21.95086,DPeop22-7457,1-H3,Unrelated
C_BTF64,Central,2021 Dry Season,Dry,Dean Jones,Number 2 Dam,N2D,N2D,16/09/2021 11:05,16/09/2021 11:28,No,Yes,BTF64,Jul_2022,Yes,146.31095,-21.94644,146.30964,-21.94815,146.31,-21.946,DPeop22-7457,1-H8,Unrelated
C_NOV65,Central,2022 Dry Season,Dry,Breanna Williams,Spider Alley,SA,SA,10/10/2022 14:00,10/10/2022 14:57,No,Yes,BTF250,Nov_2023,Yes,146.26091,-21.88394,146.259641,-21.884126,146.259335,-21.884075,DPoep23-8916,1-A9,Unrelated
C_NOV90,Central,2022 Wet Season,Wet,Breanna Williams,Spider Alley,SA,SA,10/06/2022 1:30,10/06/2022 2:46,No,Yes,BTF201,Nov_2023,Yes,146.26091,-21.88144,146.259641,-21.883126,146.259302,-21.883999,DPoep23-8916,1-B12,Unrelated
C_NOV66,Central,2022 Dry Season,Dry,Breanna Williams,Spider Alley,SA,SA,10/10/2022 15:22,10/10/2022 15:45,No,Yes,BTF252,Nov_2023,Yes,146.26341,-21.88144,146.260641,-21.883126,146.259335,-21.884075,DPoep23-8916,1-B9,Unrelated
C_NOV74,Central,2022 Early Wet Season,Early Wet,Breanna Williams,Scrape on track SW of Ten Mile,SWTM,SWTM,19/02/2022 9:36,19/02/2022 10:11,No,Yes,BTF130,Nov_2023,Yes,146.23843,-21.93635,146.237635,-21.93614,146.237134,-21.936644,DPoep23-8916,1-B10,Unrelated
C_NOV83,Central,2022 Wet Season,Wet,Emily Drummond,Scrape on track SW of Ten Mile,SWTM,SWTM,3/06/2022 1:30,3/06/2022 3:04,No,Yes,BTF146,Nov_2023,Yes,146.23843,-21.93385,146.237635,-21.93514,146.237251,-21.93675,DPoep23-8916,1-C11,Unrelated
C_NOV91,Central,2022 Early Wet Season,Early Wet,Breanna Williams,Scrape on track SW of Ten Mile,SWTM,SWTM,10/02/2022 10:22,10/02/2022 10:56,Yes,Yes,BTF74,Nov_2023,Yes,146.24093,-21.93385,146.238635,-21.93514,146.23714,-21.936683,DPoep23-8916,1-C12,Unrelated
C_NOV84,Central,2022 Wet Season,Wet,Emily Drummond,Scrape on track SW of Ten Mile,SWTM,SWTM,3/06/2022 1:30,2/06/2022 15:50,No,Yes,BTF147,Nov_2023,Yes,146.24093,-21.93635,146.238635,-21.93614,146.237221,-21.936776,DPoep23-8916,1-D11,Unrelated
C_NOV78,Central,2022 Early Wet Season,Early Wet,Breanna Williams,Scrape on track SW of Ten Mile,SWTM,SWTM,19/02/2022 12:35,19/02/2022 14:04,No,Yes,BTF139,Nov_2023,Yes,146.24093,-21.93885,146.238635,-21.93714,146.237151,-21.936652,DPoep23-8916,1-F10,Unrelated
C_NOV79,Central,2022 Wet Season,Wet,Emily Drummond,Scrape on track SW of Ten Mile,SWTM,SWTM,3/06/2022 3:50,3/06/2022 4:20,Yes,Yes,BTF148,Nov_2023,Yes,146.23843,-21.93885,146.237635,-21.93714,146.237251,-21.93675,DPoep23-8916,1-G10,Unrelated
